id,conversation_id,created_at,date,time,timezone,user_id,username,name,place,tweet,mentions,urls,photos,replies_count,retweets_count,likes_count,hashtags,cashtags,link,retweet,quote_url,video,near,geo,source,user_rt_id,user_rt,retweet_id,reply_to,retweet_date,translate,trans_src,trans_dest
1293429841010843649,1293351453885489152,1597212679000,2020-08-12,11:41:19,India Standard Time,1126409936747917312,rblbankcares,RBL Bank Cares,,"Hello, Our Representative will get in touch with you at the earliest to address your concern. Kind regards, RBL Bank https://twitter.com/messages/compose?recipient_id=1126409936747917312¬†‚Ä¶",['iamafzalhusain'],['https://twitter.com/messages/compose?recipient_id=1126409936747917312'],[],0,0,0,[],[],https://twitter.com/RBLBankCares/status/1293429841010843649,False,,0,,,,,,,"[{'user_id': '1126409936747917312', 'username': 'RBLBankCares'}, {'user_id': '1243921375938482177', 'username': 'iamAfzalHusain'}]",,,,
1292368961040859137,1292368961040859137,1596959746000,2020-08-09,13:25:46,India Standard Time,39495487,dell_in,Dell_IN,,It's time to Game with Intel for a Mightier PC Experience! Grab a chance at a key from @IntelIndia & @Dell_IN to access the Closed PC Beta Weekend for Marvel's Avengers,"['intelindia', 'dell_in']",[],[],1,2,91,[],[],https://twitter.com/Dell_IN/status/1292368961040859137,False,,0,,,,,,,"[{'user_id': '39495487', 'username': 'Dell_IN'}, {'user_id': '45800443', 'username': 'IntelIndia'}]",,,,
1293429493575557120,1285461494780461056,1597212596000,2020-08-12,11:39:56,India Standard Time,948944797166809095,jaspals10638963,Jaspal Singh,,"Worst customer service I have ever experienced,",['rblbankcares'],[],[],0,0,0,[],[],https://twitter.com/JaspalS10638963/status/1293429493575557120,False,,0,,,,,,,"[{'user_id': '948944797166809095', 'username': 'JaspalS10638963'}, {'user_id': '1126409936747917312', 'username': 'RBLBankCares'}]",,,,
1293429239283212288,1285461494780461056,1597212536000,2020-08-12,11:38:56,India Standard Time,948944797166809095,jaspals10638963,Jaspal Singh,,"Inspite of the confirmation given by one of your customer care executive regarding the moratorium facility till 31st August'20, still getting endless calls/SMS regarding the payment of EMI, have sent numbers of mails to customer care also however still didn't got any response..",['rblbankcares'],[],[],0,0,0,[],[],https://twitter.com/JaspalS10638963/status/1293429239283212288,False,,0,,,,,,,"[{'user_id': '948944797166809095', 'username': 'JaspalS10638963'}, {'user_id': '1126409936747917312', 'username': 'RBLBankCares'}]",,,,
1293428964245958656,1293227521773723649,1597212470000,2020-08-12,11:37:50,India Standard Time,1126409936747917312,rblbankcares,RBL Bank Cares,,"Hello, we regret the inconvenience caused to you.
We thank you for taking our call so as to allow us to address your concerns.We look forward to your continued patronage. Warm Regards, RBL Bank.",['vaishalissethi'],[],[],0,0,0,[],[],https://twitter.com/RBLBankCares/status/1293428964245958656,False,,0,,,,,,,"[{'user_id': '1126409936747917312', 'username': 'RBLBankCares'}, {'user_id': '3321039382', 'username': 'vaishalissethi'}]",,,,
1293428848625737728,1293061988751257606,1597212442000,2020-08-12,11:37:22,India Standard Time,153452812,vibavesh,vibavesh ramesh,,No one has called me yet . Please see your DM,['rblbankcares'],[],[],0,0,0,[],[],https://twitter.com/vibavesh/status/1293428848625737728,False,,0,,,,,,,"[{'user_id': '153452812', 'username': 'vibavesh'}, {'user_id': '1126409936747917312', 'username': 'RBLBankCares'}]",,,,
1293428747857588224,1279000385844391936,1597212418000,2020-08-12,11:36:58,India Standard Time,960362170562248706,ravishama04,Ravi Sharma,,@MoneyTapApp both are always try to cheat and get money from customer don't go with these organization,"['rblbankcares', 'moneytapapp']",[],[],0,0,0,[],[],https://twitter.com/RaviShama04/status/1293428747857588224,False,,0,,,,,,,"[{'user_id': '960362170562248706', 'username': 'RaviShama04'}, {'user_id': '1126409936747917312', 'username': 'RBLBankCares'}, {'user_id': '4366735934', 'username': 'MoneyTapApp'}]",,,,
1293428519670702081,1279000385844391936,1597212364000,2020-08-12,11:36:04,India Standard Time,960362170562248706,ravishama04,Ravi Sharma,,@MoneyTapApp  no customer support value they are just looking for money very bad experience,"['rblbankcares', 'moneytapapp']",[],[],0,0,0,[],[],https://twitter.com/RaviShama04/status/1293428519670702081,False,,0,,,,,,,"[{'user_id': '960362170562248706', 'username': 'RaviShama04'}, {'user_id': '1126409936747917312', 'username': 'RBLBankCares'}, {'user_id': '4366735934', 'username': 'MoneyTapApp'}]",,,,
1293428316276318209,1279000385844391936,1597212315000,2020-08-12,11:35:15,India Standard Time,960362170562248706,ravishama04,Ravi Sharma,,@MoneyTapApp very bad experience with these two company request to every one pls do not take any card from these two froud organisation,"['rblbankcares', 'moneytapapp']",[],[],0,0,0,[],[],https://twitter.com/RaviShama04/status/1293428316276318209,False,,0,,,,,,,"[{'user_id': '960362170562248706', 'username': 'RaviShama04'}, {'user_id': '1126409936747917312', 'username': 'RBLBankCares'}, {'user_id': '4366735934', 'username': 'MoneyTapApp'}]",,,,
1293428267781824512,1293425575583813632,1597212304000,2020-08-12,11:35:04,India Standard Time,340825766,fcashubhamg,Shubham Goyal,,"Its ethical for RBL bank even you pay before time, biggest mistake take facility from RBL Bank.","['darpanarora8', 'rblbank', 'rblbankcares', 'trai', 'cmodelhi', 'arvindkejriwal']",[],[],0,0,0,[],[],https://twitter.com/fcashubhamg/status/1293428267781824512,False,,0,,,,,,,"[{'user_id': '340825766', 'username': 'fcashubhamg'}, {'user_id': '836773606071881728', 'username': 'DarpanArora8'}, {'user_id': '2446757125', 'username': 'rblbank'}, {'user_id': '1126409936747917312', 'username': 'RBLBankCares'}, {'user_id': '3321203251', 'username': 'TRAI'}, {'user_id': '1242298980660178951', 'username': 'CMODelhi'}, {'user_id': '405427035', 'username': 'ArvindKejriwal'}]",,,,
1293428047488548864,1279000385844391936,1597212251000,2020-08-12,11:34:11,India Standard Time,960362170562248706,ravishama04,Ravi Sharma,,@MoneyTapApp After a long mail chain no response for my problem such a very bad service if you want just money reply here(NO DM) I will pay and block your card bcz ur very bad in customer service,"['rblbankcares', 'moneytapapp']",[],[],0,0,0,[],[],https://twitter.com/RaviShama04/status/1293428047488548864,False,,0,,,,,,,"[{'user_id': '960362170562248706', 'username': 'RaviShama04'}, {'user_id': '1126409936747917312', 'username': 'RBLBankCares'}, {'user_id': '4366735934', 'username': 'MoneyTapApp'}]",,,,
1293427040167907333,1283991582748766208,1597212011000,2020-08-12,11:30:11,India Standard Time,1126409936747917312,rblbankcares,RBL Bank Cares,,"Hello, Our Representative will get in touch with you at the earliest to address your concern. Kind regards, RBL Bank",['tapasra92677708'],[],[],0,0,0,[],[],https://twitter.com/RBLBankCares/status/1293427040167907333,False,,0,,,,,,,"[{'user_id': '1126409936747917312', 'username': 'RBLBankCares'}, {'user_id': '1262630740254240769', 'username': 'TapasRa92677708'}]",,,,
1293426292747100162,1293425575583813632,1597211833000,2020-08-12,11:27:13,India Standard Time,1126409936747917312,rblbankcares,RBL Bank Cares,,"Hello, To enable us to address your concern in detail, we request you to share your contact number through direct message.Kind Regards, RBL Bank
  https://twitter.com/messages/compose?recipient_id=1126409936747917312¬†‚Ä¶",['darpanarora8'],['https://twitter.com/messages/compose?recipient_id=1126409936747917312'],[],0,0,0,[],[],https://twitter.com/RBLBankCares/status/1293426292747100162,False,,0,,,,,,,"[{'user_id': '1126409936747917312', 'username': 'RBLBankCares'}, {'user_id': '836773606071881728', 'username': 'DarpanArora8'}]",,,,
1293426087288963073,1293375523381325825,1597211784000,2020-08-12,11:26:24,India Standard Time,82075805,sanusweetsmile,Dr.sandeep singh,,I have sent u my contact number in dm pls call me,['rblbankcares'],[],[],0,0,0,[],[],https://twitter.com/sanusweetsmile/status/1293426087288963073,False,,0,,,,,,,"[{'user_id': '82075805', 'username': 'sanusweetsmile'}, {'user_id': '1126409936747917312', 'username': 'RBLBankCares'}]",,,,
1293425575583813632,1293425575583813632,1597211662000,2020-08-12,11:24:22,India Standard Time,836773606071881728,darpanarora8,Darpan Arora,,"A Reputated Bank Collection Executives sending whatsapp message for payment collection at 11:45pm in the night to the customer.

Is it ethical to disturb someone at 11:45pm in the night and asking for the payments.

@rblbank @RBLBankCares @TRAI @CMODelhi @ArvindKejriwal","['rblbank', 'rblbankcares', 'trai', 'cmodelhi', 'arvindkejriwal']",[],[],2,0,0,[],[],https://twitter.com/DarpanArora8/status/1293425575583813632,False,,0,,,,,,,"[{'user_id': '836773606071881728', 'username': 'DarpanArora8'}, {'user_id': '2446757125', 'username': 'rblbank'}, {'user_id': '1126409936747917312', 'username': 'RBLBankCares'}, {'user_id': '3321203251', 'username': 'TRAI'}, {'user_id': '1242298980660178951', 'username': 'CMODelhi'}, {'user_id': '405427035', 'username': 'ArvindKejriwal'}]",,,,
1293425138889904128,1293419618808127490,1597211558000,2020-08-12,11:22:38,India Standard Time,1126409936747917312,rblbankcares,RBL Bank Cares,,"Hello, our Branch network is available at  https://goo.gl/e9sgaz¬† Kind Regards, RBL Bank",['rathorepara'],['https://goo.gl/e9sgaz'],[],0,0,0,[],[],https://twitter.com/RBLBankCares/status/1293425138889904128,False,,0,,,,,,,"[{'user_id': '1126409936747917312', 'username': 'RBLBankCares'}, {'user_id': '806760780594982912', 'username': 'rathorepara'}]",,,,
1293424892633743360,1286209173244370946,1597211499000,2020-08-12,11:21:39,India Standard Time,1225645610843271169,ashishs18709566,Ashish Sharma,,"@RBLBankCares
@BharatCourt 
No-one has called me till today and my shoprite card is also not received. I only received Titanium card which I never applied. pic.twitter.com/jm6RgpltPf","['rblbankcares', 'bharatcourt']",[],['https://pbs.twimg.com/media/EfMrEyeWoAIvVsj.jpg'],0,0,0,[],[],https://twitter.com/AshishS18709566/status/1293424892633743360,False,,0,,,,,,,"[{'user_id': '1225645610843271169', 'username': 'AshishS18709566'}, {'user_id': '1126409936747917312', 'username': 'RBLBankCares'}, {'user_id': '2829484742', 'username': 'BharatCourt'}]",,,,
1293420431932706819,1293420431932706819,1597210436000,2020-08-12,11:03:56,India Standard Time,1280083879479500800,alokkum68238365,Alok Kumar Maurya,,"By this MAFIA bank completely. 
No discussion without compensation against defamation and abusing,mental harrashment and threatening and violating rule.
@rblbank @RBLBankCares  https://twitter.com/RBLBankCares/status/1293383403073613825¬†‚Ä¶","['rblbank', 'rblbankcares']",['https://twitter.com/RBLBankCares/status/1293383403073613825'],[],0,0,0,[],[],https://twitter.com/AlokKum68238365/status/1293420431932706819,False,https://twitter.com/RBLBankCares/status/1293383403073613825,0,,,,,,,"[{'user_id': '1280083879479500800', 'username': 'AlokKum68238365'}, {'user_id': '2446757125', 'username': 'rblbank'}, {'user_id': '1126409936747917312', 'username': 'RBLBankCares'}]",,,,
1293418122184200192,1293416862219304960,1597209885000,2020-08-12,10:54:45,India Standard Time,1126409936747917312,rblbankcares,RBL Bank Cares,,"Hello, Our Representative will get in touch with you at the earliest to address your query.Kind regards, RBL Bank",['youneed73361012'],[],[],0,0,0,[],[],https://twitter.com/RBLBankCares/status/1293418122184200192,False,,0,,,,,,,"[{'user_id': '1126409936747917312', 'username': 'RBLBankCares'}, {'user_id': '1098149616028213248', 'username': 'YOUNEED73361012'}]",,,,
1293418056899866626,1293291099390218240,1597209869000,2020-08-12,10:54:29,India Standard Time,1126409936747917312,rblbankcares,RBL Bank Cares,,"Hello, To enable us to address your concern in detail, we request you to share your contact number through direct message.Kind Regards, RBL Bank
  https://twitter.com/messages/compose?recipient_id=1126409936747917312¬†‚Ä¶",['roshank55683291'],['https://twitter.com/messages/compose?recipient_id=1126409936747917312'],[],0,0,0,[],[],https://twitter.com/RBLBankCares/status/1293418056899866626,False,,0,,,,,,,"[{'user_id': '1126409936747917312', 'username': 'RBLBankCares'}, {'user_id': '1242468613455413256', 'username': 'Roshank55683291'}]",,,,
1293417941006815232,1293255446204043264,1597209842000,2020-08-12,10:54:02,India Standard Time,4039119622,jaiswalabhi15,Abhishek Jaiswal #‡§ú‡§Ø_‡§≠‡§æ‡§∞‡§§,, pic.twitter.com/0WB9wyeRgN,['rblbankcares'],[],['https://pbs.twimg.com/media/EfMkwWIUEAAmaeE.jpg'],0,0,0,[],[],https://twitter.com/jaiswalabhi15/status/1293417941006815232,False,,0,,,,,,,"[{'user_id': '4039119622', 'username': 'jaiswalabhi15'}, {'user_id': '1126409936747917312', 'username': 'RBLBankCares'}]",,,,
1293414555708620800,1293414555708620800,1597209035000,2020-08-12,10:40:35,India Standard Time,1163316896793419776,shubham59552461,Shubham,,"@RBLBankCares @rblbank 
Is there any way to reach out to you  guys??
I had mailed , called but no response. I need to close my card account as soon as possible.","['rblbankcares', 'rblbank']",[],[],0,0,0,[],[],https://twitter.com/Shubham59552461/status/1293414555708620800,False,,0,,,,,,,"[{'user_id': '1163316896793419776', 'username': 'Shubham59552461'}, {'user_id': '1126409936747917312', 'username': 'RBLBankCares'}, {'user_id': '2446757125', 'username': 'rblbank'}]",,,,
1292368961040859137,1292368961040859137,1596959746000,2020-08-09,13:25:46,India Standard Time,39495487,dell_in,Dell_IN,,It's time to Game with Intel for a Mightier PC Experience! Grab a chance at a key from @IntelIndia & @Dell_IN to access the Closed PC Beta Weekend for Marvel's Avengers,"['intelindia', 'dell_in']",[],[],1,2,91,[],[],https://twitter.com/Dell_IN/status/1292368961040859137,False,,0,,,,,,,"[{'user_id': '39495487', 'username': 'Dell_IN'}, {'user_id': '45800443', 'username': 'IntelIndia'}]",,,,
1293414224710885376,1289446459218092033,1597208956000,2020-08-12,10:39:16,India Standard Time,1288362999430803457,sanjay00675445,Sanjay,,"@RBI  But your recovery agents can call anyone, as and when they feel. And your RIYA calls every day, without fail.","['rblbankcares', 'rbi']",[],[],0,0,0,[],[],https://twitter.com/Sanjay00675445/status/1293414224710885376,False,,0,,,,,,,"[{'user_id': '1288362999430803457', 'username': 'Sanjay00675445'}, {'user_id': '1126409936747917312', 'username': 'RBLBankCares'}, {'user_id': '478432912', 'username': 'RBI'}]",,,,
1293413779728822272,1289446459218092033,1597208850000,2020-08-12,10:37:30,India Standard Time,1288362999430803457,sanjay00675445,Sanjay,,"@RBI  Instead why don't you share your contact details where I could speak with someone of your office. I challenge you, as on date, and for last few months, there is no way where a client could speak with anyone from RBL.","['rblbankcares', 'rbi']",[],[],0,0,0,[],[],https://twitter.com/Sanjay00675445/status/1293413779728822272,False,,0,,,,,,,"[{'user_id': '1288362999430803457', 'username': 'Sanjay00675445'}, {'user_id': '1126409936747917312', 'username': 'RBLBankCares'}, {'user_id': '478432912', 'username': 'RBI'}]",,,,
1293413329235402752,1289446459218092033,1597208742000,2020-08-12,10:35:42,India Standard Time,1288362999430803457,sanjay00675445,Sanjay,,"@RBI  Have told you a number of times, that I had shared my contact details in a direct message, in July. Yet to get any call from your side. So please stop this DRAMA.","['rblbankcares', 'rbi']",[],[],0,0,0,[],[],https://twitter.com/Sanjay00675445/status/1293413329235402752,False,,0,,,,,,,"[{'user_id': '1288362999430803457', 'username': 'Sanjay00675445'}, {'user_id': '1126409936747917312', 'username': 'RBLBankCares'}, {'user_id': '478432912', 'username': 'RBI'}]",,,,
1293411576087625728,1293411576087625728,1597208324000,2020-08-12,10:28:44,India Standard Time,56049797,nabilvirani,nabil virani,,"Constantly getting calls from idiots people of stupidest bank @rblbank @RBLBankCares inspite of enrolling my card for moratorium. Having sms confirmation, double checking with the customer service executive that it infact is registered. Solve your fucking shit first !","['rblbank', 'rblbankcares']",[],[],0,0,0,[],[],https://twitter.com/nabilvirani/status/1293411576087625728,False,,0,,,,,,,"[{'user_id': '56049797', 'username': 'nabilvirani'}, {'user_id': '2446757125', 'username': 'rblbank'}, {'user_id': '1126409936747917312', 'username': 'RBLBankCares'}]",,,,
1293410434964508672,1264810839338598400,1597208052000,2020-08-12,10:24:12,India Standard Time,1126409936747917312,rblbankcares,RBL Bank Cares,,"Hello, Our Representative will get in touch with you at the earliest to address your concern. Stay Safe Stay Healthy! Kind regards, RBL Bank https://twitter.com/messages/compose?recipient_id=1126409936747917312¬†‚Ä¶",['anjana190209'],['https://twitter.com/messages/compose?recipient_id=1126409936747917312'],[],0,0,0,[],[],https://twitter.com/RBLBankCares/status/1293410434964508672,False,,0,,,,,,,"[{'user_id': '1126409936747917312', 'username': 'RBLBankCares'}, {'user_id': '384905431', 'username': 'Anjana190209'}]",,,,
1293410335886467072,1293113119837794304,1597208029000,2020-08-12,10:23:49,India Standard Time,56049797,nabilvirani,nabil virani,,Worst bank service ever... Just solve ur shit first. No doubts your bank sucks more then any1 else @rblbank @RBLBankCares,"['rblbank', 'rblbankcares']",[],[],0,0,0,[],[],https://twitter.com/nabilvirani/status/1293410335886467072,False,,0,,,,,,,"[{'user_id': '56049797', 'username': 'nabilvirani'}, {'user_id': '2446757125', 'username': 'rblbank'}, {'user_id': '1126409936747917312', 'username': 'RBLBankCares'}]",,,,
1293409810398945280,1264810839338598400,1597207903000,2020-08-12,10:21:43,India Standard Time,384905431,anjana190209,Anjana Gupta,,"Due to ur fault, my credit score is low..u people harness customers through third party, using slings, and we have to suffer.
Resolve my issue ASAP.",['rblbankcares'],[],[],1,0,0,[],[],https://twitter.com/Anjana190209/status/1293409810398945280,False,,0,,,,,,,"[{'user_id': '384905431', 'username': 'Anjana190209'}, {'user_id': '1126409936747917312', 'username': 'RBLBankCares'}]",,,,
1293409495469527040,1283101139219542018,1597207828000,2020-08-12,10:20:28,India Standard Time,94078439,anil432,Anil Pandey,,File a case in Police station and send a legal notice online . These b****** should be taught a lesson for threatening.,"['alokmau691sonu', 'hdfcbank_cares', 'hdfc_bank', 'rblbank', 'rblbankcares', 'abhishe11057145', 'anurastogi10', 'bannerji_ruma', 'rashmi96077338']",[],[],0,0,0,[],[],https://twitter.com/anil432/status/1293409495469527040,False,,0,,,,,,,"[{'user_id': '94078439', 'username': 'anil432'}, {'user_id': '840802346833715200', 'username': 'Alokmau691sonu'}, {'user_id': '145931959', 'username': 'HDFCBank_Cares'}, {'user_id': '183230213', 'username': 'HDFC_Bank'}, {'user_id': '2446757125', 'username': 'rblbank'}, {'user_id': '1126409936747917312', 'username': 'RBLBankCares'}, {'user_id': '1242697104549502977', 'username': 'Abhishe11057145'}, {'user_id': '1193773757426323456', 'username': 'AnuRastogi10'}, {'user_id': '1282179185948139521', 'username': 'bannerji_ruma'}, {'user_id': '1220277914605744128', 'username': 'Rashmi96077338'}]",,,,
1293408707049656321,1293255446204043264,1597207640000,2020-08-12,10:17:20,India Standard Time,1126409936747917312,rblbankcares,RBL Bank Cares,,"Hello, To enable us to address your concern in detail, we request you to share your contact number through direct message.Kind Regards, RBL Bank
  https://twitter.com/messages/compose?recipient_id=1126409936747917312¬†‚Ä¶",['jaiswalabhi15'],['https://twitter.com/messages/compose?recipient_id=1126409936747917312'],[],1,0,0,[],[],https://twitter.com/RBLBankCares/status/1293408707049656321,False,,0,,,,,,,"[{'user_id': '1126409936747917312', 'username': 'RBLBankCares'}, {'user_id': '4039119622', 'username': 'jaiswalabhi15'}]",,,,
1293408653270061057,1293045085458673664,1597207627000,2020-08-12,10:17:07,India Standard Time,1930874948,koolbrijesh92,Brijesh,,Are you going to connect with me?,"['rblbankcares', 'rbi']",[],[],0,0,0,[],[],https://twitter.com/koolbrijesh92/status/1293408653270061057,False,,0,,,,,,,"[{'user_id': '1930874948', 'username': 'koolbrijesh92'}, {'user_id': '1126409936747917312', 'username': 'RBLBankCares'}, {'user_id': '478432912', 'username': 'RBI'}]",,,,
1293408350588137476,1289481752470159360,1597207555000,2020-08-12,10:15:55,India Standard Time,1130371816311087104,sinujohn7,Sinu John,,"This is the kind of service you provide to your customers. I have been waiting for 2 weeks for a call from you guys but no response. Have sent reminders, still no response. You don‚Äôt have your customer care numbers working. 
WHY DO YOU CALL YOURSELF A BANK ?
@RBI for info pic.twitter.com/BFqPB6tPxs","['rblbankcares', 'rbi']",[],['https://pbs.twimg.com/media/EfMcCMZVAAIVy_m.jpg'],0,0,0,[],[],https://twitter.com/SinuJohn7/status/1293408350588137476,False,,0,,,,,,,"[{'user_id': '1130371816311087104', 'username': 'SinuJohn7'}, {'user_id': '1126409936747917312', 'username': 'RBLBankCares'}, {'user_id': '478432912', 'username': 'RBI'}]",,,,
1293407699842011136,1293253943183568897,1597207400000,2020-08-12,10:13:20,India Standard Time,1126409936747917312,rblbankcares,RBL Bank Cares,,"Hello, To enable us to address your concern in detail, we request you to share your contact number through direct message.Kind Regards, RBL Bank
  https://twitter.com/messages/compose?recipient_id=1126409936747917312¬†‚Ä¶",['mansuriimran95'],['https://twitter.com/messages/compose?recipient_id=1126409936747917312'],[],0,0,0,[],[],https://twitter.com/RBLBankCares/status/1293407699842011136,False,,0,,,,,,,"[{'user_id': '1126409936747917312', 'username': 'RBLBankCares'}, {'user_id': '3105145021', 'username': 'MansuriImran95'}]",,,,
1293405327291867136,1293405327291867136,1597206834000,2020-08-12,10:03:54,India Standard Time,371086250,vnegi39,vipin,,@RBLBankCares @rblbank pic.twitter.com/rkpsw3eM7m,"['rblbankcares', 'rblbank']",[],['https://pbs.twimg.com/media/EfMZP-3UMAAVQbS.jpg'],0,0,0,[],[],https://twitter.com/VNegi39/status/1293405327291867136,False,,0,,,,,,,"[{'user_id': '371086250', 'username': 'VNegi39'}, {'user_id': '1126409936747917312', 'username': 'RBLBankCares'}, {'user_id': '2446757125', 'username': 'rblbank'}]",,,,
1293405033946443776,1292771916629958659,1597206765000,2020-08-12,10:02:45,India Standard Time,371086250,vnegi39,vipin,,@RBLBankCares @rblbank  still not one is contact yet that's why I every year request for closer due to your bad service,"['rblbankcares', 'rblbank']",[],[],0,0,0,[],[],https://twitter.com/VNegi39/status/1293405033946443776,False,,0,,,,,,,"[{'user_id': '371086250', 'username': 'VNegi39'}, {'user_id': '1126409936747917312', 'username': 'RBLBankCares'}, {'user_id': '2446757125', 'username': 'rblbank'}]",,,,
1293404596757565441,1293403579978362880,1597206660000,2020-08-12,10:01:00,India Standard Time,1126409936747917312,rblbankcares,RBL Bank Cares,,"Hello, we regret the recent experience that you had with us. This is not the experience we wish to offer. Kindly Direct message us your contact details, so that we can investigate this and revert to you. Kind regards, RBL Bank
  https://twitter.com/messages/compose?recipient_id=1126409936747917312¬†‚Ä¶",['fl48126762'],['https://twitter.com/messages/compose?recipient_id=1126409936747917312'],[],0,0,0,[],[],https://twitter.com/RBLBankCares/status/1293404596757565441,False,,0,,,,,,,"[{'user_id': '1126409936747917312', 'username': 'RBLBankCares'}, {'user_id': '1284724422759182339', 'username': 'fl48126762'}]",,,,
1293403579978362880,1293403579978362880,1597206418000,2020-08-12,09:56:58,India Standard Time,1284724422759182339,fl48126762,fl,,@RBLBankCares one of the idiots this banks has. My cc is on moritorium and this idiot call everyday for payment.,['rblbankcares'],[],[],1,0,0,[],[],https://twitter.com/fl48126762/status/1293403579978362880,False,,0,,,,,,,"[{'user_id': '1284724422759182339', 'username': 'fl48126762'}, {'user_id': '1126409936747917312', 'username': 'RBLBankCares'}]",,,,
1293398591755579393,1293396064645521409,1597205229000,2020-08-12,09:37:09,India Standard Time,76999083,dvijah,Sudheendra (Harish),,"No! your representative will get in touch after a month, will say i read your query, and asks me whats the query! üòÇ Hear a mouthful from me... And then without any option will arrive a solution!  Verification - Mother's name not matching... Hang call! Same issue... #shameonyou",['rblbankcares'],[],[],0,0,0,['#shameonyou'],[],https://twitter.com/dvijah/status/1293398591755579393,False,,0,,,,,,,"[{'user_id': '76999083', 'username': 'dvijah'}, {'user_id': '1126409936747917312', 'username': 'RBLBankCares'}]",,,,
1293396528430800897,1293396064645521409,1597204737000,2020-08-12,09:28:57,India Standard Time,1126409936747917312,rblbankcares,RBL Bank Cares,,"Hello, Our Representative will get in touch with you at the earliest to address your concern. Kind regards, RBL Bank
  https://twitter.com/messages/compose?recipient_id=1126409936747917312¬†‚Ä¶",['dvijah'],['https://twitter.com/messages/compose?recipient_id=1126409936747917312'],[],1,0,0,[],[],https://twitter.com/RBLBankCares/status/1293396528430800897,False,,0,,,,,,,"[{'user_id': '1126409936747917312', 'username': 'RBLBankCares'}, {'user_id': '76999083', 'username': 'dvijah'}]",,,,
1293396233587916800,1293393566794780677,1597204666000,2020-08-12,09:27:46,India Standard Time,1126409936747917312,rblbankcares,RBL Bank Cares,,"Hello, To enable us to address your concern in detail, we request you to share your contact number through direct message.Kind Regards, RBL Bank
  https://twitter.com/messages/compose?recipient_id=1126409936747917312¬†‚Ä¶",['jeetu_punjabi'],['https://twitter.com/messages/compose?recipient_id=1126409936747917312'],[],0,0,0,[],[],https://twitter.com/RBLBankCares/status/1293396233587916800,False,,0,,,,,,,"[{'user_id': '1126409936747917312', 'username': 'RBLBankCares'}, {'user_id': '844816466', 'username': 'Jeetu_punjabi'}]",,,,
1293396064645521409,1293396064645521409,1597204626000,2020-08-12,09:27:06,India Standard Time,76999083,dvijah,Sudheendra (Harish),,@RBLBankCares @rblbank  be careful and wary about this incompetent bank! ONLY  Customer verification - Mother's name and say its wrong inspite of multiple KYC submissions #fakebank #creditcardscam if you raise a flag they take their own time to respond! They charge interest on 0!,"['rblbankcares', 'rblbank']",[],[],1,0,0,"['#fakebank', '#creditcardscam']",[],https://twitter.com/dvijah/status/1293396064645521409,False,,0,,,,,,,"[{'user_id': '76999083', 'username': 'dvijah'}, {'user_id': '1126409936747917312', 'username': 'RBLBankCares'}, {'user_id': '2446757125', 'username': 'rblbank'}]",,,,
1292370426123829248,1292370426123829248,1596960095000,2020-08-09,13:31:35,India Standard Time,39495487,dell_in,Dell_IN,,PC Gamers Assemble! @IntelIndia & @Dell_IN have chance for you to grab a key to the closed PC beta weekend for Marvel's Avengers!,"['intelindia', 'dell_in']",[],[],2,38,651,[],[],https://twitter.com/Dell_IN/status/1292370426123829248,False,,0,,,,,,,"[{'user_id': '39495487', 'username': 'Dell_IN'}, {'user_id': '45800443', 'username': 'IntelIndia'}]",,,,
1293395697329414144,1293232818764435456,1597204539000,2020-08-12,09:25:39,India Standard Time,1126409936747917312,rblbankcares,RBL Bank Cares,,"Hello, Our Representative will get in touch with you at the earliest to address your concern. Kind regards, RBL Bank https://twitter.com/messages/compose?recipient_id=1126409936747917312¬†‚Ä¶",['vivekbhat1964'],['https://twitter.com/messages/compose?recipient_id=1126409936747917312'],[],0,0,0,[],[],https://twitter.com/RBLBankCares/status/1293395697329414144,False,,0,,,,,,,"[{'user_id': '1126409936747917312', 'username': 'RBLBankCares'}, {'user_id': '4319246741', 'username': 'Vivekbhat1964'}]",,,,
1293393934601814016,1293238421389885441,1597204118000,2020-08-12,09:18:38,India Standard Time,1126409936747917312,rblbankcares,RBL Bank Cares,,"Hello, To enable us to address your concern in detail, we request you to share your contact number through direct message.Kind Regards, RBL Bank
  https://twitter.com/messages/compose?recipient_id=1126409936747917312¬†‚Ä¶",['venkatkoduri3'],['https://twitter.com/messages/compose?recipient_id=1126409936747917312'],[],0,0,0,[],[],https://twitter.com/RBLBankCares/status/1293393934601814016,False,,0,,,,,,,"[{'user_id': '1126409936747917312', 'username': 'RBLBankCares'}, {'user_id': '840225236897452032', 'username': 'venkatkoduri3'}]",,,,
1293393542581190656,1293388757370957825,1597204025000,2020-08-12,09:17:05,India Standard Time,1126409936747917312,rblbankcares,RBL Bank Cares,,"Hello, we regret the inconvenience caused to you. To enable us to address your concern in detail, we request you to share your contact details through direct message. Kind Regards, RBL Bank
  https://twitter.com/messages/compose?recipient_id=1126409936747917312¬†‚Ä¶",['bannerji_ruma'],['https://twitter.com/messages/compose?recipient_id=1126409936747917312'],[],0,0,0,[],[],https://twitter.com/RBLBankCares/status/1293393542581190656,False,,0,,,,,,,"[{'user_id': '1126409936747917312', 'username': 'RBLBankCares'}, {'user_id': '1282179185948139521', 'username': 'bannerji_ruma'}]",,,,
1293391792050548736,1286588579553120256,1597203607000,2020-08-12,09:10:07,India Standard Time,4688663666,sk_skthakur,Sk thakur,,"What action taken by you @rblbank @RBI @nsitharaman @narendramodi @BBCBreaking @aajtak @IndiaToday @timesofindia @ZeeNews @ANI @DDNewslive @sambitswaraj @sudhirchaudhary 
No action no solution because we are a common person not a valuable and High profile,","['rblbankcares', 'rblbank', 'rbi', 'nsitharaman', 'narendramodi', 'bbcbreaking', 'aajtak', 'indiatoday', 'timesofindia', 'zeenews', 'ani', 'ddnewslive', 'sambitswaraj', 'sudhirchaudhary']",[],[],0,0,0,[],[],https://twitter.com/sk_skthakur/status/1293391792050548736,False,,0,,,,,,,"[{'user_id': '4688663666', 'username': 'sk_skthakur'}, {'user_id': '1126409936747917312', 'username': 'RBLBankCares'}, {'user_id': '2446757125', 'username': 'rblbank'}, {'user_id': '478432912', 'username': 'RBI'}, {'user_id': '58243368', 'username': 'nsitharaman'}, {'user_id': '18839785', 'username': 'narendramodi'}, {'user_id': '5402612', 'username': 'BBCBreaking'}, {'user_id': '42606652', 'username': 'aajtak'}, {'user_id': '19897138', 'username': 'IndiaToday'}, {'user_id': '134758540', 'username': 'timesofindia'}, {'user_id': '461841349', 'username': 'ZeeNews'}, {'user_id': '355989081', 'username': 'ANI'}, {'user_id': '1100927498', 'username': 'DDNewslive'}, {'user_id': '1368737382', 'username': 'sambitswaraj'}, {'user_id': '75246346', 'username': 'sudhirchaudhary'}]",,,,
1293390011115560960,1293232818764435456,1597203183000,2020-08-12,09:03:03,India Standard Time,4319246741,vivekbhat1964,Vivek bhat,,Have u ever solved any customer complaints ? Not in may case since 2017,"['rblbankcares', 'bannerji_ruma']",[],[],1,0,0,[],[],https://twitter.com/Vivekbhat1964/status/1293390011115560960,False,,0,,,,,,,"[{'user_id': '4319246741', 'username': 'Vivekbhat1964'}, {'user_id': '1126409936747917312', 'username': 'RBLBankCares'}, {'user_id': '1282179185948139521', 'username': 'bannerji_ruma'}]",,,,
1293389864809840640,1293384114003836928,1597203148000,2020-08-12,09:02:28,India Standard Time,1126409936747917312,rblbankcares,RBL Bank Cares,,"Hello, we regret any inconvenience caused to you. We request you to share your contact details through direct message and  to maintain privacy and confidentiality. Kind Regards, RBL Bank https://twitter.com/messages/compose?recipient_id=1126409936747917312¬†‚Ä¶",['raviammu123'],['https://twitter.com/messages/compose?recipient_id=1126409936747917312'],[],0,0,0,[],[],https://twitter.com/RBLBankCares/status/1293389864809840640,False,,0,,,,,,,"[{'user_id': '1126409936747917312', 'username': 'RBLBankCares'}, {'user_id': '91737898', 'username': 'raviammu123'}]",,,,
1293389393613463552,1293227521773723649,1597203036000,2020-08-12,09:00:36,India Standard Time,1126409936747917312,rblbankcares,RBL Bank Cares,,"Hello , We regret  the delay. Our Representative will get in touch with you at the earliest to address your concern. Stay Safe Stay Healthy! Kind regards, RBL Bank  https://twitter.com/messages/compose?recipient_id=1126409936747917312¬†‚Ä¶",['vaishalissethi'],['https://twitter.com/messages/compose?recipient_id=1126409936747917312'],[],0,0,0,[],[],https://twitter.com/RBLBankCares/status/1293389393613463552,False,,0,,,,,,,"[{'user_id': '1126409936747917312', 'username': 'RBLBankCares'}, {'user_id': '3321039382', 'username': 'vaishalissethi'}]",,,,
1293388625858658311,1293385587345383430,1597202853000,2020-08-12,08:57:33,India Standard Time,1126409936747917312,rblbankcares,RBL Bank Cares,,"Hello, To enable us to address your concern in detail, we request you to share your contact number through direct message.Kind Regards, RBL Bank
  https://twitter.com/messages/compose?recipient_id=1126409936747917312¬†‚Ä¶",['astytomar'],['https://twitter.com/messages/compose?recipient_id=1126409936747917312'],[],0,0,0,[],[],https://twitter.com/RBLBankCares/status/1293388625858658311,False,,0,,,,,,,"[{'user_id': '1126409936747917312', 'username': 'RBLBankCares'}, {'user_id': '3861822674', 'username': 'astytomar'}]",,,,
1293388088425828352,1293385223749525505,1597202724000,2020-08-12,08:55:24,India Standard Time,1126409936747917312,rblbankcares,RBL Bank Cares,,"Hello, Our Representative will get in touch with you at the earliest to address your concern. Kind regards, RBL Bank
  https://twitter.com/messages/compose?recipient_id=1126409936747917312¬†‚Ä¶",['iamrsgill'],['https://twitter.com/messages/compose?recipient_id=1126409936747917312'],[],0,0,0,[],[],https://twitter.com/RBLBankCares/status/1293388088425828352,False,,0,,,,,,,"[{'user_id': '1126409936747917312', 'username': 'RBLBankCares'}, {'user_id': '140789615', 'username': 'iamrsgill'}]",,,,
1293387308310421504,1293381687053754368,1597202538000,2020-08-12,08:52:18,India Standard Time,1126409936747917312,rblbankcares,RBL Bank Cares,,"Hello, To enable us to address your concern in detail, we request you to share your contact number through direct message.Kind Regards, RBL Bank
  https://twitter.com/messages/compose?recipient_id=1126409936747917312¬†‚Ä¶",['krishna101282'],['https://twitter.com/messages/compose?recipient_id=1126409936747917312'],[],0,0,0,[],[],https://twitter.com/RBLBankCares/status/1293387308310421504,False,,0,,,,,,,"[{'user_id': '1126409936747917312', 'username': 'RBLBankCares'}, {'user_id': '855752354628591617', 'username': 'Krishna101282'}]",,,,
1293385587345383430,1293385587345383430,1597202128000,2020-08-12,08:45:28,India Standard Time,3861822674,astytomar,Anuj tomar,,@RBLBankCares @rblbank Worst customer service in the world...,"['rblbankcares', 'rblbank']",[],[],1,0,0,[],[],https://twitter.com/astytomar/status/1293385587345383430,False,,0,,,,,,,"[{'user_id': '3861822674', 'username': 'astytomar'}, {'user_id': '1126409936747917312', 'username': 'RBLBankCares'}, {'user_id': '2446757125', 'username': 'rblbank'}]",,,,
1293385223749525505,1293385223749525505,1597202041000,2020-08-12,08:44:01,India Standard Time,140789615,iamrsgill,Rajinder S Gill,,@RBLBankCares - who the fu*k call at 8:30 am regarding missed payment? (Which actually is not even missed ) it is the mistake by ur useless people who don‚Äôt even understand simple thing! STOP SPAMMING ME!!! i wonder why ‚ÄúTilden Park Capital‚Äù give you funding to run stupid üè¶  pic.twitter.com/MJOpACTH5U,['rblbankcares'],[],['https://pbs.twimg.com/media/EfMG_-9VoAA4Kes.jpg'],2,0,2,[],[],https://twitter.com/iamrsgill/status/1293385223749525505,False,,0,,,,,,,"[{'user_id': '140789615', 'username': 'iamrsgill'}, {'user_id': '1126409936747917312', 'username': 'RBLBankCares'}]",,,,
1293384687902232576,1293376754719944705,1597201914000,2020-08-12,08:41:54,India Standard Time,1126409936747917312,rblbankcares,RBL Bank Cares,,"Hello, We are concerned with your feedback and would like to connect with you immediately. Kindly direct message us your contact number to enable us to connect  with you. Kind Regards, RBL Bank
  https://twitter.com/messages/compose?recipient_id=1126409936747917312¬†‚Ä¶",['srithehope'],['https://twitter.com/messages/compose?recipient_id=1126409936747917312'],[],0,0,0,[],[],https://twitter.com/RBLBankCares/status/1293384687902232576,False,,0,,,,,,,"[{'user_id': '1126409936747917312', 'username': 'RBLBankCares'}, {'user_id': '987281255531188225', 'username': 'SriTheHope'}]",,,,
1293383403073613825,1293232818764435456,1597201607000,2020-08-12,08:36:47,India Standard Time,1126409936747917312,rblbankcares,RBL Bank Cares,,"Hello, we request you to Direct message us your contact details to enable us to connect and address your concern. Stay Safe Stay Healthy! Kind Regards. RBL Bank.  https://twitter.com/messages/compose?recipient_id=1126409936747917312¬†‚Ä¶",['bannerji_ruma'],['https://twitter.com/messages/compose?recipient_id=1126409936747917312'],[],1,1,0,[],[],https://twitter.com/RBLBankCares/status/1293383403073613825,False,,0,,,,,,,"[{'user_id': '1126409936747917312', 'username': 'RBLBankCares'}, {'user_id': '1282179185948139521', 'username': 'bannerji_ruma'}]",,,,
1293383051154726912,1293238175540719616,1597201523000,2020-08-12,08:35:23,India Standard Time,1126409936747917312,rblbankcares,RBL Bank Cares,,"Hello, Our Representative will get in touch with you at the earliest to address your concern. Stay Safe Stay Healthy! Kind regards, RBL Bank  https://twitter.com/messages/compose?recipient_id=1126409936747917312¬†‚Ä¶",['anshkumar254'],['https://twitter.com/messages/compose?recipient_id=1126409936747917312'],[],0,0,0,[],[],https://twitter.com/RBLBankCares/status/1293383051154726912,False,,0,,,,,,,"[{'user_id': '1126409936747917312', 'username': 'RBLBankCares'}, {'user_id': '2213903762', 'username': 'anshkumar254'}]",,,,
1293380823337570309,1291747625788567554,1597200992000,2020-08-12,08:26:32,India Standard Time,1126409936747917312,rblbankcares,RBL Bank Cares,,"Hello, Our Representative will get in touch with you at the earliest to address your concern. Stay Safe Stay Healthy! Kind regards, RBL Bank  https://twitter.com/messages/compose?recipient_id=1126409936747917312¬†‚Ä¶",['kamalso42355917'],['https://twitter.com/messages/compose?recipient_id=1126409936747917312'],[],0,0,0,[],[],https://twitter.com/RBLBankCares/status/1293380823337570309,False,,0,,,,,,,"[{'user_id': '1126409936747917312', 'username': 'RBLBankCares'}, {'user_id': '1284502701896654855', 'username': 'KamalSo42355917'}]",,,,
1293380212072370182,1293244879401701376,1597200847000,2020-08-12,08:24:07,India Standard Time,1126409936747917312,rblbankcares,RBL Bank Cares,,"Regards, RBL Bank
  https://twitter.com/messages/compose?recipient_id=1126409936747917312¬†‚Ä¶ (2/2)",['pradeep_kannan3'],['https://twitter.com/messages/compose?recipient_id=1126409936747917312'],[],0,0,0,[],[],https://twitter.com/RBLBankCares/status/1293380212072370182,False,,0,,,,,,,"[{'user_id': '1126409936747917312', 'username': 'RBLBankCares'}, {'user_id': '4834678755', 'username': 'Pradeep_Kannan3'}]",,,,
1293380210621022208,1293244879401701376,1597200846000,2020-08-12,08:24:06,India Standard Time,1126409936747917312,rblbankcares,RBL Bank Cares,,"Thank you for highlighting this matter. Beware of fake calls and please do not share your account details with anyone. Be rest assured that the bank is committed to high standards of data privacy and confidentiality. For further information, call us on +91 22 6232 7777. (1/2)",['pradeep_kannan3'],[],[],1,0,0,[],[],https://twitter.com/RBLBankCares/status/1293380210621022208,False,,0,,,,,,,"[{'user_id': '1126409936747917312', 'username': 'RBLBankCares'}, {'user_id': '4834678755', 'username': 'Pradeep_Kannan3'}]",,,,
1293379560961118209,1293164239532646408,1597200691000,2020-08-12,08:21:31,India Standard Time,1126409936747917312,rblbankcares,RBL Bank Cares,,"Hello, Our Representative will get in touch with you at the earliest to address your concern. Kind regards, RBL Bank
  https://twitter.com/messages/compose?recipient_id=1126409936747917312¬†‚Ä¶",['ammarkh70532800'],['https://twitter.com/messages/compose?recipient_id=1126409936747917312'],[],0,0,0,[],[],https://twitter.com/RBLBankCares/status/1293379560961118209,False,,0,,,,,,,"[{'user_id': '1126409936747917312', 'username': 'RBLBankCares'}, {'user_id': '1239779876011298816', 'username': 'AmmarKh70532800'}]",,,,
